Country,Year,Receiving
Afghanistan,2002,$222'830
Afghanistan,2003,$1'050'050
Afghanistan,2004,$384'730
Afghanistan,2005,$2'876'720
Afghanistan,2006,$15'667'310
Afghanistan,2007,$28'130'120
Afghanistan,2008,$46'970'760
Afghanistan,2009,$82'016'700
Afghanistan,2010,$329'173'550
Afghanistan,2011,$119'510'420
Afghanistan,2012,$103'883'670
Afghanistan,2013,$91'151'040
Afghanistan,2014,$60'762'670
Afghanistan,2015,$22'791'710
Afghanistan,2016,$81'841'410
Afghanistan,2017,$47'576'910
Albania,2002,$3'514'630
Albania,2003,$7'288'180
Albania,2004,$9'449'340
Albania,2005,$3'901'600
Albania,2006,$5'185'640
Albania,2007,$4'488'160
Albania,2008,$2'233'860
Albania,2009,$3'613'730
Albania,2010,$4'602'560
Albania,2011,$20'762'800
Albania,2012,$7'955'740
Albania,2013,$17'085'440
Albania,2014,$10'299'260
Albania,2015,$4'002'910
Albania,2016,$40'500'280
Albania,2017,$16'268'870
Algeria,2002,$1'010'750
Algeria,2003,$7'621'230
Algeria,2004,$148'870
Algeria,2005,$7'262'250
Algeria,2006,$2'359'590
Algeria,2007,$429'280
Algeria,2008,$351'890
Algeria,2009,$14'577'420
Algeria,2010,$4'022'830
Algeria,2011,$5'467'910
Algeria,2012,$58'879'650
Algeria,2013,$36'868'700
Algeria,2014,$12'189'070
Algeria,2015,$14'657'640
Algeria,2016,$2'530'840
Algeria,2017,$2'290'610
Angola,2002,$3'054'840
Angola,2003,$741'310
Angola,2004,$331'390
Angola,2005,$2'500'260
Angola,2006,$3'857'430
Angola,2007,$3'643'440
Angola,2008,$2'903'330
Angola,2009,$4'094'800
Angola,2010,$9'049'790
Angola,2011,$14'605'500
Angola,2012,$19'858'250
Angola,2013,$18'472'300
Angola,2014,$3'954'850
Angola,2015,$6'606'550
Angola,2016,$1'214'180
Angola,2017,$160'006'260
Antigua and Barbuda,2007,$126'290
Antigua and Barbuda,2008,$205'670
Antigua and Barbuda,2009,$260'150
Antigua and Barbuda,2010,$172'330
Antigua and Barbuda,2011,$443'350
Antigua and Barbuda,2012,$1'820
Antigua and Barbuda,2013,$140'400
Antigua and Barbuda,2014,$182'380
Antigua and Barbuda,2015,$189'600
Antigua and Barbuda,2016,$156'080
Antigua and Barbuda,2017,$335'640
Argentina,2002,$2'458'570
Argentina,2003,$1'659'670
Argentina,2004,$2'327'590
Argentina,2005,$2'008'030
Argentina,2006,$3'847'520
Argentina,2007,$2'133'360
Argentina,2008,$2'547'700
Argentina,2009,$7'329'870
Argentina,2010,$6'626'330
Argentina,2011,$3'745'390
Argentina,2012,$1'759'280
Argentina,2013,$2'552'410
Argentina,2014,$1'989'450
Argentina,2015,$3'351'290
Argentina,2016,$1'996'980
Argentina,2017,$4'077'740
Armenia,2002,$2'892'860
Armenia,2003,$576'540
Armenia,2004,$1'816'710
Armenia,2005,$3'269'520
Armenia,2006,$17'580
Armenia,2007,$464'930
Armenia,2008,$31'510'240
Armenia,2009,$30'920
Armenia,2010,$389'760
Armenia,2011,$6'581'490
Armenia,2012,$6'309'230
Armenia,2013,$2'280'930
Armenia,2014,$61'808'280
Armenia,2015,$2'029'370
Armenia,2016,$131'640'650
Armenia,2017,$21'300'190
Azerbaijan,2002,$3'297'670
Azerbaijan,2003,$46'894'960
Azerbaijan,2004,$14'940
Azerbaijan,2005,$145'770
Azerbaijan,2006,$3'416'210
Azerbaijan,2007,$207'140
Azerbaijan,2008,$299'470
Azerbaijan,2009,$293'573'260
Azerbaijan,2010,$112'320
Azerbaijan,2011,$952'840
Azerbaijan,2012,$1'503'280
Azerbaijan,2013,$760'280
Azerbaijan,2014,$169'750
Azerbaijan,2015,$15'546'310
Azerbaijan,2016,$4'578'510
Azerbaijan,2017,$15'266'070
Bahrain,2003,$17'310
Bangladesh,2002,$5'334'480
Bangladesh,2003,$65'204'010
Bangladesh,2004,$25'799'260
Bangladesh,2005,$43'538'210
Bangladesh,2006,$81'499'290
Bangladesh,2007,$3'808'140
Bangladesh,2008,$66'879'160
Bangladesh,2009,$38'921'810
Bangladesh,2010,$34'044'620
Bangladesh,2011,$49'253'900
Bangladesh,2012,$57'996'720
Bangladesh,2013,$88'531'120
Bangladesh,2014,$197'006'950
Bangladesh,2015,$41'671'640
Bangladesh,2016,$68'960'790
Bangladesh,2017,$21'253'040
Barbados,2006,$41'950
Barbados,2007,$83'660
Barbados,2008,$90'230
Barbados,2009,$36'080
Barbados,2010,$108'490
Belarus,2005,$1'190
Belarus,2008,$9'893'000
Belarus,2009,$956'020
Belarus,2010,$547'600
Belarus,2011,$5'888'710
Belarus,2012,$14'310'010
Belarus,2013,$348'960
Belarus,2014,$499'770
Belarus,2015,$297'140
Belarus,2017,$1'051'570
Belize,2002,$169'140
Belize,2003,$325'770
Belize,2004,$197'620
Belize,2005,$308'070
Belize,2006,$133'040
Belize,2008,$62'200
Belize,2009,$53'050
Belize,2010,$81'710
Belize,2011,$958'250
Belize,2012,$158'090
Belize,2013,$59'240
Belize,2014,$366'820
Belize,2015,$349'770
Belize,2016,$647'290
Belize,2017,$625'440
Benin,2002,$16'785'780
Benin,2003,$5'387'630
Benin,2004,$24'711'320
Benin,2005,$36'804'170
Benin,2006,$15'325'770
Benin,2007,$4'969'850
Benin,2008,$18'203'590
Benin,2009,$7'480'950
Benin,2010,$3'488'220
Benin,2011,$24'289'370
Benin,2012,$30'827'680
Benin,2013,$24'071'840
Benin,2014,$51'177'060
Benin,2015,$73'025'830
Benin,2016,$2'814'910
Benin,2017,$88'881'300
Bhutan,2002,$4'909'620
Bhutan,2003,$14'448'720
Bhutan,2004,$9'605'180
Bhutan,2005,$7'322'010
Bhutan,2006,$27'550
Bhutan,2007,$3'830'260
Bhutan,2008,$4'307'820
Bhutan,2009,$12'751'510
Bhutan,2010,$7'455'810
Bhutan,2011,$5'248'390
Bhutan,2012,$1'537'480
Bhutan,2013,$7'934'290
Bhutan,2014,$1'369'800
Bhutan,2015,$82'570
Bhutan,2016,$25'074'500
Bhutan,2017,$357'750
Bolivia (Plurinational State of),2002,$10'385'570
Bolivia (Plurinational State of),2003,$41'475'550
Bolivia (Plurinational State of),2004,$22'599'060
Bolivia (Plurinational State of),2005,$48'301'910
Bolivia (Plurinational State of),2006,$23'370'460
Bolivia (Plurinational State of),2007,$73'687'360
Bolivia (Plurinational State of),2008,$55'807'450
Bolivia (Plurinational State of),2009,$48'550'690
Bolivia (Plurinational State of),2010,$68'363'990
Bolivia (Plurinational State of),2011,$41'098'510
Bolivia (Plurinational State of),2012,$46'769'100
Bolivia (Plurinational State of),2013,$98'002'160
Bolivia (Plurinational State of),2014,$77'444'400
Bolivia (Plurinational State of),2015,$49'273'360
Bolivia (Plurinational State of),2016,$10'808'500
Bolivia (Plurinational State of),2017,$234'133'930
Bosnia and Herzegovina,2002,$801'330
Bosnia and Herzegovina,2003,$360'820
Bosnia and Herzegovina,2004,$4'310'320
Bosnia and Herzegovina,2005,$593'330
Bosnia and Herzegovina,2006,$1'650'650
Bosnia and Herzegovina,2007,$837'060
Bosnia and Herzegovina,2008,$3'472'700
Bosnia and Herzegovina,2009,$4'305'680
Bosnia and Herzegovina,2010,$12'125'710
Bosnia and Herzegovina,2011,$1'091'400
Bosnia and Herzegovina,2012,$2'638'220
Bosnia and Herzegovina,2013,$1'162'950
Bosnia and Herzegovina,2014,$1'454'150
Bosnia and Herzegovina,2015,$655'140
Bosnia and Herzegovina,2016,$3'996'690
Bosnia and Herzegovina,2017,$17'934'350
Botswana,2002,$4'041'850
Botswana,2003,$123'450
Botswana,2006,$186'710
Botswana,2007,$1'272'190
Botswana,2009,$5'080
Botswana,2010,$209'590
Botswana,2011,$997'000
Botswana,2012,$838'750
Botswana,2013,$1'182'420
Botswana,2014,$2'398'870
Botswana,2015,$2'758'300
Botswana,2016,$9'669'810
Botswana,2017,$12'107'990
Brazil,2002,$38'218'200
Brazil,2003,$42'767'660
Brazil,2004,$244'921'030
Brazil,2005,$39'976'720
Brazil,2006,$24'247'770
Brazil,2007,$28'308'610
Brazil,2008,$39'706'690
Brazil,2009,$142'243'170
Brazil,2010,$449'156'260
Brazil,2011,$576'778'920
Brazil,2012,$238'524'240
Brazil,2013,$165'484'980
Brazil,2014,$160'662'170
Brazil,2015,$230'500'120
Brazil,2016,$213'439'310
Brazil,2017,$178'198'750
Burkina Faso,2002,$1'430'080
Burkina Faso,2003,$5'506'340
Burkina Faso,2004,$6'918'030
Burkina Faso,2005,$82'830
Burkina Faso,2006,$4'980'910
Burkina Faso,2007,$3'448'370
Burkina Faso,2008,$15'979'900
Burkina Faso,2009,$18'350'220
Burkina Faso,2010,$43'673'510
Burkina Faso,2011,$23'042'870
Burkina Faso,2012,$78'307'360
Burkina Faso,2013,$34'023'650
Burkina Faso,2014,$26'608'300
Burkina Faso,2015,$73'236'440
Burkina Faso,2016,$76'193'490
Burkina Faso,2017,$143'079'260
Burundi,2002,$16'678'460
Burundi,2003,$609'070
Burundi,2006,$1'266'790
Burundi,2007,$37'110
Burundi,2008,$5'161'010
Burundi,2009,$7'872'540
Burundi,2010,$4'820'770
Burundi,2011,$16'375'770
Burundi,2012,$8'448'200
Burundi,2013,$48'814'210
Burundi,2014,$3'847'490
Burundi,2015,$13'161'470
Burundi,2016,$5'562'360
Burundi,2017,$5'436'000
Côte d'Ivoire,2002,$8'434'460
Côte d'Ivoire,2003,$140'110
Côte d'Ivoire,2004,$278'800
Côte d'Ivoire,2005,$149'300
Côte d'Ivoire,2006,$2'296'110
Côte d'Ivoire,2007,$3'924'410
Côte d'Ivoire,2008,$1'019'490
Côte d'Ivoire,2009,$4'729'430
Côte d'Ivoire,2010,$15'374'210
Côte d'Ivoire,2011,$2'818'140
Côte d'Ivoire,2012,$3'323'950
Côte d'Ivoire,2013,$12'521'740
Côte d'Ivoire,2014,$1'468'920
Côte d'Ivoire,2015,$31'597'110
Côte d'Ivoire,2016,$22'879'560
Côte d'Ivoire,2017,$3'519'650
Cabo Verde,2002,$3'911'180
Cabo Verde,2003,$12'168'080
Cabo Verde,2004,$3'823'550
Cabo Verde,2005,$22'338'140
Cabo Verde,2006,$3'115'270
Cabo Verde,2007,$2'025'820
Cabo Verde,2008,$7'551'140
Cabo Verde,2009,$8'216'990
Cabo Verde,2010,$5'981'720
Cabo Verde,2011,$6'807'870
Cabo Verde,2012,$904'760
Cabo Verde,2013,$818'380
Cabo Verde,2014,$594'960
Cabo Verde,2015,$30'418'610
Cabo Verde,2016,$570'810
Cabo Verde,2017,$416'750
Cambodia,2002,$13'655'290
Cambodia,2003,$13'549'960
Cambodia,2004,$1'280'260
Cambodia,2005,$2'158'520
Cambodia,2006,$39'711'880
Cambodia,2007,$2'873'800
Cambodia,2008,$11'914'670
Cambodia,2009,$10'413'100
Cambodia,2010,$49'148'200
Cambodia,2011,$19'770'710
Cambodia,2012,$54'205'790
Cambodia,2013,$26'413'670
Cambodia,2014,$58'159'130
Cambodia,2015,$42'160'860
Cambodia,2016,$15'342'090
Cambodia,2017,$20'978'350
Cameroon,2002,$5'459'130
Cameroon,2003,$115'350
Cameroon,2004,$26'431'310
Cameroon,2005,$7'787'500
Cameroon,2006,$12'479'840
Cameroon,2007,$10'196'240
Cameroon,2008,$13'948'440
Cameroon,2009,$10'511'780
Cameroon,2010,$13'723'610
Cameroon,2011,$100'037'000
Cameroon,2012,$147'432'880
Cameroon,2013,$7'819'170
Cameroon,2014,$9'320'260
Cameroon,2015,$46'570'780
Cameroon,2016,$20'654'480
Cameroon,2017,$69'188'190
Central African Republic,2002,$87'130
Central African Republic,2004,$23'057'320
Central African Republic,2005,$9'898'600
Central African Republic,2006,$6'506'260
Central African Republic,2007,$17'159'820
Central African Republic,2008,$15'427'380
Central African Republic,2009,$21'634'450
Central African Republic,2010,$81'970
Central African Republic,2011,$1'413'470
Central African Republic,2012,$4'854'990
Central African Republic,2013,$1'149'920
Central African Republic,2014,$385'760
Central African Republic,2015,$6'059'900
Central African Republic,2016,$6'609'870
Central African Republic,2017,$8'003'320
Chad,2002,$1'400
Chad,2005,$39'465'010
Chad,2006,$10'941'450
Chad,2007,$35'020
Chad,2008,$63'240
Chad,2009,$14'792'470
Chad,2010,$19'145'130
Chad,2011,$7'282'340
Chad,2012,$4'318'020
Chad,2013,$10'197'210
Chad,2014,$1'262'820
Chad,2015,$7'743'240
Chad,2016,$41'341'030
Chad,2017,$21'698'290
Chile,2002,$7'659'040
Chile,2003,$3'856'960
Chile,2004,$279'380
Chile,2005,$1'212'000
Chile,2006,$710'590
Chile,2007,$1'816'990
Chile,2008,$1'230'170
Chile,2009,$9'212'170
Chile,2010,$1'604'820
Chile,2011,$1'979'380
Chile,2012,$2'425'050
Chile,2013,$873'990
Chile,2014,$4'445'510
Chile,2015,$959'810
Chile,2016,$1'450'140
Chile,2017,$1'917'780
China,2002,$516'625'240
China,2003,$490'183'920
China,2004,$296'397'700
China,2005,$586'902'710
China,2006,$467'807'530
China,2007,$803'857'370
China,2008,$69'086'120
China,2009,$32'495'360
China,2010,$220'856'630
China,2011,$33'111'440
China,2012,$56'151'530
China,2013,$133'336'010
China,2014,$49'911'280
China,2015,$166'658'330
China,2016,$135'855'830
China,2017,$170'466'590
Colombia,2002,$5'306'110
Colombia,2003,$2'405'990
Colombia,2004,$27'299'050
Colombia,2005,$12'307'900
Colombia,2006,$21'397'730
Colombia,2007,$55'145'690
Colombia,2008,$13'307'880
Colombia,2009,$20'025'560
Colombia,2010,$30'166'330
Colombia,2011,$13'256'160
Colombia,2012,$116'759'260
Colombia,2013,$66'498'180
Colombia,2014,$101'360'730
Colombia,2015,$513'180'480
Colombia,2016,$232'397'740
Colombia,2017,$431'410'410
Comoros,2006,$302'000
Comoros,2009,$16'020
Comoros,2010,$998'870
Comoros,2011,$118'150
Comoros,2013,$3'585'310
Comoros,2014,$3'449'640
Comoros,2015,$6'570
Comoros,2016,$36'070
Comoros,2017,$2'324'710
Congo,2002,$721'080
Congo,2003,$371'350
Congo,2004,$1'206'310
Congo,2005,$3'178'020
Congo,2006,$5'130'400
Congo,2007,$1'307'610
Congo,2008,$9'588'810
Congo,2009,$4'570'200
Congo,2010,$3'164'710
Congo,2011,$8'535'850
Congo,2012,$11'554'950
Congo,2013,$781'580
Congo,2014,$849'890
Congo,2015,$72'148'730
Congo,2016,$115'242'220
Congo,2017,$1'049'740
Cook Islands,2002,$170'210
Cook Islands,2003,$597'410
Cook Islands,2004,$699'130
Cook Islands,2005,$3'746'220
Cook Islands,2006,$192'090
Cook Islands,2007,$6'360
Cook Islands,2008,$1'263'820
Cook Islands,2009,$8'170
Cook Islands,2010,$2'924'160
Cook Islands,2011,$1'132'990
Cook Islands,2012,$293'130
Cook Islands,2013,$1'974'280
Cook Islands,2014,$1'035'200
Cook Islands,2015,$186'790
Cook Islands,2017,$1'712'290
Costa Rica,2002,$11'654'200
Costa Rica,2003,$3'689'370
Costa Rica,2004,$5'319'870
Costa Rica,2005,$1'923'430
Costa Rica,2006,$145'839'800
Costa Rica,2007,$1'550'750
Costa Rica,2008,$2'375'640
Costa Rica,2009,$2'282'780
Costa Rica,2010,$26'383'800
Costa Rica,2011,$2'983'020
Costa Rica,2012,$1'684'940
Costa Rica,2013,$3'833'570
Costa Rica,2014,$8'903'010
Costa Rica,2015,$2'451'630
Costa Rica,2016,$2'533'380
Costa Rica,2017,$1'601'140
Croatia,2002,$399'550
Croatia,2003,$971'040
Croatia,2005,$669'190
Croatia,2006,$1'190'800
Croatia,2007,$1'016'660
Croatia,2008,$1'151'090
Croatia,2009,$845'360
Croatia,2010,$1'275'760
Cuba,2002,$2'462'400
Cuba,2003,$1'431'870
Cuba,2004,$7'420'600
Cuba,2005,$1'862'200
Cuba,2006,$1'503'560
Cuba,2007,$1'895'890
Cuba,2008,$2'392'190
Cuba,2009,$13'000'030
Cuba,2010,$3'484'530
Cuba,2011,$10'482'910
Cuba,2012,$10'061'770
Cuba,2013,$4'366'190
Cuba,2014,$1'953'010
Cuba,2015,$2'586'890
Cuba,2016,$8'472'440
Cuba,2017,$6'984'960
Democratic People's Republic of Korea,2003,$129'470
Democratic People's Republic of Korea,2005,$166'410
Democratic People's Republic of Korea,2007,$125'240
Democratic People's Republic of Korea,2011,$744'790
Democratic People's Republic of Korea,2012,$764'360
Democratic People's Republic of Korea,2013,$327'470
Democratic People's Republic of Korea,2014,$801'330
Democratic People's Republic of Korea,2015,$387'730
Democratic People's Republic of Korea,2016,$2'326'320
Democratic People's Republic of Korea,2017,$1'218'650
Democratic Republic of the Congo,2002,$1'419'230
Democratic Republic of the Congo,2003,$7'184'170
Democratic Republic of the Congo,2004,$3'861'000
Democratic Republic of the Congo,2005,$11'884'180
Democratic Republic of the Congo,2006,$14'042'080
Democratic Republic of the Congo,2007,$15'161'610
Democratic Republic of the Congo,2008,$70'606'730
Democratic Republic of the Congo,2009,$27'395'180
Democratic Republic of the Congo,2010,$30'291'030
Democratic Republic of the Congo,2011,$77'106'970
Democratic Republic of the Congo,2012,$73'263'080
Democratic Republic of the Congo,2013,$100'720'980
Democratic Republic of the Congo,2014,$69'219'510
Democratic Republic of the Congo,2015,$264'591'260
Democratic Republic of the Congo,2016,$113'719'090
Democratic Republic of the Congo,2017,$79'285'120
Djibouti,2002,$29'950
Djibouti,2017,$281'820
Dominica,2005,$5'932'910
Dominica,2010,$26'570
Dominica,2011,$408'350
Dominica,2012,$24'280
Dominica,2013,$28'640
Dominica,2014,$20'750
Dominica,2015,$13'350
Dominica,2016,$1'900
Dominica,2017,$7'650
Dominican Republic,2002,$2'179'710
Dominican Republic,2003,$4'652'390
Dominican Republic,2004,$13'343'470
Dominican Republic,2005,$8'662'850
Dominican Republic,2006,$2'605'260
Dominican Republic,2007,$10'045'390
Dominican Republic,2008,$5'386'600
Dominican Republic,2009,$46'624'680
Dominican Republic,2010,$12'784'350
Dominican Republic,2011,$8'355'080
Dominican Republic,2012,$9'174'480
Dominican Republic,2013,$3'515'420
Dominican Republic,2014,$8'720'920
Dominican Republic,2015,$54'658'030
Dominican Republic,2016,$11'563'630
Dominican Republic,2017,$18'202'360
Ecuador,2002,$23'524'510
Ecuador,2003,$63'637'440
Ecuador,2004,$34'218'000
Ecuador,2005,$7'003'410
Ecuador,2006,$15'852'540
Ecuador,2007,$22'416'310
Ecuador,2008,$16'963'430
Ecuador,2009,$39'919'160
Ecuador,2010,$51'122'440
Ecuador,2011,$26'503'760
Ecuador,2012,$15'186'230
Ecuador,2013,$33'828'670
Ecuador,2014,$59'096'970
Ecuador,2015,$112'519'020
Ecuador,2016,$24'899'470
Ecuador,2017,$108'601'560
Egypt,2002,$25'275'450
Egypt,2003,$10'768'840
Egypt,2004,$13'058'570
Egypt,2005,$3'999'730
Egypt,2006,$62'136'870
Egypt,2007,$15'006'250
Egypt,2008,$19'382'330
Egypt,2009,$1'346'690
Egypt,2010,$58'289'310
Egypt,2011,$7'933'890
Egypt,2012,$3'532'780
Egypt,2013,$37'548'050
Egypt,2014,$2'597'020
Egypt,2015,$333'920
Egypt,2016,$10'248'380
Egypt,2017,$60'381'690
El Salvador,2002,$4'250'360
El Salvador,2003,$5'318'830
El Salvador,2004,$1'140'690
El Salvador,2005,$4'433'370
El Salvador,2006,$1'905'770
El Salvador,2007,$5'730'760
El Salvador,2008,$11'180'260
El Salvador,2009,$5'861'060
El Salvador,2010,$6'564'370
El Salvador,2011,$8'119'100
El Salvador,2012,$4'339'960
El Salvador,2013,$8'101'280
El Salvador,2014,$13'485'940
El Salvador,2015,$7'272'060
El Salvador,2016,$18'760'320
El Salvador,2017,$16'375'550
Equatorial Guinea,2002,$985'370
Equatorial Guinea,2003,$52'610
Equatorial Guinea,2005,$26'830
Equatorial Guinea,2007,$29'180
Equatorial Guinea,2008,$15'620
Equatorial Guinea,2009,$905'500
Equatorial Guinea,2010,$138'080
Equatorial Guinea,2011,$1'057'070
Equatorial Guinea,2012,$128'330
Equatorial Guinea,2013,$90'630
Equatorial Guinea,2014,$69'050
Equatorial Guinea,2015,$321'960
Equatorial Guinea,2016,$158'970
Equatorial Guinea,2017,$155'810
Eritrea,2002,$6'517'800
Eritrea,2003,$2'900
Eritrea,2006,$1'805'830
Eritrea,2007,$526'900
Eritrea,2008,$603'600
Eritrea,2009,$524'450
Eritrea,2010,$1'793'580
Eritrea,2011,$231'700
Eritrea,2012,$290'220
Eritrea,2014,$12'330
Eritrea,2015,$56'950
Eritrea,2016,$123'330
Eswatini,2002,$1'648'840
Eswatini,2004,$1'211'630
Eswatini,2006,$31'260
Eswatini,2007,$38'170
Eswatini,2008,$12'620
Eswatini,2009,$30'260
Eswatini,2010,$1'132'920
Eswatini,2011,$74'510
Eswatini,2012,$284'760
Eswatini,2013,$90'170
Eswatini,2014,$94'770
Eswatini,2015,$980
Eswatini,2016,$2'609'490
Eswatini,2017,$2'266'300
Ethiopia,2002,$18'716'520
Ethiopia,2003,$6'956'170
Ethiopia,2004,$38'022'080
Ethiopia,2005,$8'766'780
Ethiopia,2006,$10'697'100
Ethiopia,2007,$15'772'010
Ethiopia,2008,$23'898'610
Ethiopia,2009,$67'732'200
Ethiopia,2010,$184'318'430
Ethiopia,2011,$59'484'460
Ethiopia,2012,$96'305'030
Ethiopia,2013,$190'272'960
Ethiopia,2014,$136'379'080
Ethiopia,2015,$307'699'070
Ethiopia,2016,$158'604'420
Ethiopia,2017,$306'459'760
Fiji,2002,$84'320
Fiji,2003,$1'940'660
Fiji,2004,$858'630
Fiji,2005,$479'890
Fiji,2006,$1'999'820
Fiji,2007,$308'910
Fiji,2008,$1'309'770
Fiji,2009,$2'629'770
Fiji,2010,$527'490
Fiji,2011,$1'119'440
Fiji,2012,$2'530'910
Fiji,2013,$2'390'650
Fiji,2014,$1'397'200
Fiji,2015,$2'627'060
Fiji,2016,$1'463'410
Fiji,2017,$3'732'290
Gabon,2002,$3'356'240
Gabon,2003,$222'590
Gabon,2004,$87'760
Gabon,2005,$4'382'970
Gabon,2006,$12'869'000
Gabon,2007,$26'450'390
Gabon,2008,$1'728'970
Gabon,2009,$2'839'450
Gabon,2010,$28'013'990
Gabon,2011,$3'483'940
Gabon,2012,$18'357'540
Gabon,2013,$6'833'370
Gabon,2014,$7'529'910
Gabon,2015,$9'175'860
Gabon,2016,$43'786'990
Gabon,2017,$1'007'120
Gambia,2002,$1'401'510
Gambia,2004,$2'443'750
Gambia,2005,$9'082'310
Gambia,2006,$80'710
Gambia,2007,$67'090
Gambia,2008,$27'490
Gambia,2009,$135'880
Gambia,2010,$5'845'710
Gambia,2011,$4'662'230
Gambia,2012,$412'590
Gambia,2013,$17'750
Gambia,2014,$76'550
Gambia,2015,$2'520
Gambia,2016,$4'750
Gambia,2017,$5'979'120
Georgia,2002,$7'094'060
Georgia,2003,$1'755'220
Georgia,2004,$1'906'010
Georgia,2005,$768'160
Georgia,2006,$4'053'680
Georgia,2007,$968'180
Georgia,2008,$3'092'500
Georgia,2009,$985'680
Georgia,2010,$5'795'050
Georgia,2011,$17'183'370
Georgia,2012,$51'735'300
Georgia,2013,$9'716'680
Georgia,2014,$15'949'720
Georgia,2015,$79'656'550
Georgia,2016,$91'389'090
Georgia,2017,$1'149'250
Ghana,2002,$8'182'820
Ghana,2003,$8'900'900
Ghana,2004,$202'467'700
Ghana,2005,$31'785'230
Ghana,2006,$16'916'490
Ghana,2007,$16'451'640
Ghana,2008,$54'912'060
Ghana,2009,$28'586'580
Ghana,2010,$18'637'270
Ghana,2011,$20'118'880
Ghana,2012,$56'809'680
Ghana,2013,$78'435'790
Ghana,2014,$64'558'900
Ghana,2015,$34'780'760
Ghana,2016,$67'903'180
Ghana,2017,$57'474'800
Grenada,2005,$657'750
Grenada,2006,$13'180
Grenada,2007,$55'820
Grenada,2009,$19'710
Grenada,2010,$130'290
Grenada,2011,$425'570
Grenada,2012,$14'070
Grenada,2013,$44'170
Grenada,2014,$177'490
Grenada,2015,$5'040
Grenada,2016,$73'940
Grenada,2017,$170'900
Guatemala,2002,$5'371'900
Guatemala,2003,$9'847'070
Guatemala,2004,$36'350'930
Guatemala,2005,$28'184'910
Guatemala,2006,$34'675'860
Guatemala,2007,$6'255'920
Guatemala,2008,$21'498'880
Guatemala,2009,$9'235'980
Guatemala,2010,$7'750'520
Guatemala,2011,$16'898'830
Guatemala,2012,$17'944'180
Guatemala,2013,$52'231'140
Guatemala,2014,$42'560'320
Guatemala,2015,$40'814'940
Guatemala,2016,$34'630'460
Guatemala,2017,$18'104'090
Guinea,2002,$9'688'460
Guinea,2003,$7'661'190
Guinea,2004,$2'208'200
Guinea,2005,$19'580
Guinea,2007,$1'603'700
Guinea,2008,$648'150
Guinea,2009,$1'213'440
Guinea,2010,$1'468'860
Guinea,2011,$18'721'430
Guinea,2012,$7'229'130
Guinea,2013,$12'602'880
Guinea,2014,$8'621'980
Guinea,2015,$4'928'010
Guinea,2016,$3'745'030
Guinea,2017,$41'312'060
Guinea-Bissau,2002,$1'750'710
Guinea-Bissau,2003,$612'070
Guinea-Bissau,2004,$198'370
Guinea-Bissau,2005,$555'560
Guinea-Bissau,2006,$359'780
Guinea-Bissau,2007,$5'078'800
Guinea-Bissau,2008,$2'312'260
Guinea-Bissau,2009,$482'120
Guinea-Bissau,2010,$1'237'460
Guinea-Bissau,2011,$1'778'440
Guinea-Bissau,2012,$524'060
Guinea-Bissau,2013,$681'060
Guinea-Bissau,2014,$618'770
Guinea-Bissau,2015,$5'392'070
Guinea-Bissau,2016,$1'056'570
Guinea-Bissau,2017,$267'310
Guyana,2003,$9'160
Guyana,2004,$3'417'470
Guyana,2006,$19'710
Guyana,2007,$59'320
Guyana,2008,$73'940
Guyana,2009,$6'364'270
Guyana,2010,$208'342'240
Guyana,2011,$3'970'280
Guyana,2012,$5'302'030
Guyana,2013,$1'933'550
Guyana,2014,$76'050'190
Guyana,2015,$4'348'650
Guyana,2016,$10'908'300
Guyana,2017,$8'087'840
Haiti,2002,$2'974'940
Haiti,2003,$2'668'950
Haiti,2004,$174'390
Haiti,2005,$12'166'070
Haiti,2006,$1'765'840
Haiti,2007,$9'763'700
Haiti,2008,$8'830'150
Haiti,2009,$10'719'700
Haiti,2010,$46'636'230
Haiti,2011,$63'891'150
Haiti,2012,$25'015'230
Haiti,2013,$73'666'640
Haiti,2014,$18'633'980
Haiti,2015,$64'660'080
Haiti,2016,$73'611'520
Haiti,2017,$48'800'110
Honduras,2002,$24'231'230
Honduras,2003,$4'068'080
Honduras,2004,$10'652'320
Honduras,2005,$5'975'370
Honduras,2006,$52'394'540
Honduras,2007,$7'420'120
Honduras,2008,$7'811'600
Honduras,2009,$7'916'100
Honduras,2010,$78'891'930
Honduras,2011,$53'653'020
Honduras,2012,$76'651'920
Honduras,2013,$29'133'570
Honduras,2014,$27'745'300
Honduras,2015,$24'900'110
Honduras,2016,$25'308'530
Honduras,2017,$20'199'130
India,2002,$78'936'030
India,2003,$347'859'000
India,2004,$71'093'680
India,2005,$317'931'420
India,2006,$581'439'830
India,2007,$658'260'060
India,2008,$267'933'440
India,2009,$37'012'660
India,2010,$110'818'480
India,2011,$565'986'560
India,2012,$163'988'730
India,2013,$27'078'740
India,2014,$395'523'330
India,2015,$231'092'790
India,2016,$448'072'960
India,2017,$413'842'630
Indonesia,2002,$31'306'620
Indonesia,2003,$49'450'420
Indonesia,2004,$31'559'400
Indonesia,2005,$34'866'210
Indonesia,2006,$28'745'140
Indonesia,2007,$47'159'070
Indonesia,2008,$129'314'160
Indonesia,2009,$76'953'030
Indonesia,2010,$202'138'720
Indonesia,2011,$127'268'540
Indonesia,2012,$145'490'440
Indonesia,2013,$166'823'810
Indonesia,2014,$214'226'630
Indonesia,2015,$122'114'060
Indonesia,2016,$193'591'150
Indonesia,2017,$135'788'990
Iran (Islamic Republic of),2003,$1'100'380
Iran (Islamic Republic of),2004,$1'250'030
Iran (Islamic Republic of),2005,$711'170
Iran (Islamic Republic of),2006,$644'960
Iran (Islamic Republic of),2007,$237'950
Iran (Islamic Republic of),2008,$1'672'800
Iran (Islamic Republic of),2009,$1'697'010
Iran (Islamic Republic of),2010,$1'246'510
Iran (Islamic Republic of),2011,$1'327'670
Iran (Islamic Republic of),2012,$1'824'930
Iran (Islamic Republic of),2013,$966'560
Iran (Islamic Republic of),2014,$2'174'410
Iran (Islamic Republic of),2015,$6'754'010
Iran (Islamic Republic of),2016,$3'827'390
Iran (Islamic Republic of),2017,$7'278'950
Iraq,2003,$196'720
Iraq,2004,$2'957'440
Iraq,2005,$35'250
Iraq,2007,$16'019'210
Iraq,2008,$17'275'960
Iraq,2009,$19'061'880
Iraq,2010,$10'898'100
Iraq,2011,$8'925'160
Iraq,2012,$6'884'500
Iraq,2013,$1'861'690
Iraq,2014,$1'811'060
Iraq,2015,$311'803'290
Iraq,2016,$13'226'680
Iraq,2017,$12'780'650
Jamaica,2003,$113'040
Jamaica,2004,$411'110
Jamaica,2005,$33'590
Jamaica,2006,$215'740
Jamaica,2007,$18'243'550
Jamaica,2008,$5'760'220
Jamaica,2009,$32'690
Jamaica,2010,$1'608'750
Jamaica,2011,$3'325'940
Jamaica,2012,$139'630
Jamaica,2013,$35'560'460
Jamaica,2014,$974'240
Jamaica,2015,$1'412'860
Jamaica,2016,$26'440
Jamaica,2017,$18'900'260
Jordan,2002,$1'384'520
Jordan,2003,$413'260
Jordan,2004,$6'606'610
Jordan,2005,$58'950'790
Jordan,2006,$19'231'420
Jordan,2007,$1'573'950
Jordan,2008,$6'156'900
Jordan,2009,$4'296'060
Jordan,2010,$19'064'680
Jordan,2011,$25'088'170
Jordan,2012,$14'179'960
Jordan,2013,$20'560'080
Jordan,2014,$11'874'490
Jordan,2015,$213'860'090
Jordan,2016,$62'082'390
Jordan,2017,$178'337'700
Kazakhstan,2002,$37'376'540
Kazakhstan,2003,$179'029'580
Kazakhstan,2004,$70'020
Kazakhstan,2005,$5'536'480
Kazakhstan,2006,$276'480
Kazakhstan,2007,$642'260
Kazakhstan,2008,$3'493'770
Kazakhstan,2009,$2'075'420
Kazakhstan,2010,$1'032'060
Kazakhstan,2011,$125'060
Kazakhstan,2012,$544'290
Kazakhstan,2013,$11'258'360
Kazakhstan,2014,$214'100
Kazakhstan,2015,$13'640
Kazakhstan,2016,$2'496'400
Kazakhstan,2017,$3'130'750
Kenya,2002,$22'681'060
Kenya,2003,$6'485'910
Kenya,2004,$8'734'870
Kenya,2005,$1'027'230
Kenya,2006,$27'955'470
Kenya,2007,$47'927'920
Kenya,2008,$13'451'900
Kenya,2009,$154'423'000
Kenya,2010,$44'766'530
Kenya,2011,$106'887'930
Kenya,2012,$132'543'760
Kenya,2013,$115'256'660
Kenya,2014,$93'984'690
Kenya,2015,$196'195'090
Kenya,2016,$52'234'530
Kenya,2017,$76'369'620
Kiribati,2002,$31'510
Kiribati,2003,$20'850
Kiribati,2005,$57'090
Kiribati,2006,$587'570
Kiribati,2007,$332'560
Kiribati,2008,$3'080'040
Kiribati,2009,$2'933'360
Kiribati,2010,$643'840
Kiribati,2011,$10'065'900
Kiribati,2012,$401'990
Kiribati,2013,$6'086'350
Kiribati,2014,$640'840
Kiribati,2015,$854'710
Kiribati,2016,$4'796'250
Kiribati,2017,$6'187'360
Kyrgyzstan,2002,$2'473'250
Kyrgyzstan,2003,$50'900
Kyrgyzstan,2004,$1'154'700
Kyrgyzstan,2005,$242'530
Kyrgyzstan,2006,$484'740
Kyrgyzstan,2007,$666'460
Kyrgyzstan,2008,$2'678'780
Kyrgyzstan,2009,$2'870'280
Kyrgyzstan,2010,$2'424'080
Kyrgyzstan,2011,$4'409'460
Kyrgyzstan,2012,$2'667'630
Kyrgyzstan,2013,$3'375'550
Kyrgyzstan,2014,$6'304'620
Kyrgyzstan,2015,$228'540
Kyrgyzstan,2016,$727'310
Kyrgyzstan,2017,$804'440
Lao People's Democratic Republic,2002,$4'725'840
Lao People's Democratic Republic,2003,$3'836'800
Lao People's Democratic Republic,2004,$9'303'900
Lao People's Democratic Republic,2005,$1'563'530
Lao People's Democratic Republic,2006,$2'033'080
Lao People's Democratic Republic,2007,$3'812'490
Lao People's Democratic Republic,2008,$18'582'560
Lao People's Democratic Republic,2009,$15'058'080
Lao People's Democratic Republic,2010,$35'974'050
Lao People's Democratic Republic,2011,$41'889'120
Lao People's Democratic Republic,2012,$23'731'240
Lao People's Democratic Republic,2013,$31'326'070
Lao People's Democratic Republic,2014,$47'383'170
Lao People's Democratic Republic,2015,$5'569'850
Lao People's Democratic Republic,2016,$18'217'110
Lao People's Democratic Republic,2017,$25'788'660
Lebanon,2002,$244'810
Lebanon,2003,$880'320
Lebanon,2004,$470'580
Lebanon,2005,$577'540
Lebanon,2006,$5'952'400
Lebanon,2007,$10'135'720
Lebanon,2008,$27'408'880
Lebanon,2009,$3'820'860
Lebanon,2010,$10'661'460
Lebanon,2011,$13'071'560
Lebanon,2012,$19'524'750
Lebanon,2013,$5'050'150
Lebanon,2014,$35'819'270
Lebanon,2015,$36'243'600
Lebanon,2016,$5'788'010
Lebanon,2017,$4'343'140
Lesotho,2002,$2'087'700
Lesotho,2003,$8'950
Lesotho,2004,$935'930
Lesotho,2006,$1'340
Lesotho,2007,$115'210
Lesotho,2008,$194'190
Lesotho,2009,$37'660
Lesotho,2010,$322'730
Lesotho,2011,$1'501'250
Lesotho,2012,$188'860
Lesotho,2013,$939'420
Lesotho,2014,$67'100
Lesotho,2016,$17'330
Lesotho,2017,$980'720
Liberia,2004,$47'110
Liberia,2005,$44'450
Liberia,2006,$15'580
Liberia,2007,$6'805'720
Liberia,2008,$2'300'640
Liberia,2009,$7'194'960
Liberia,2010,$18'419'050
Liberia,2011,$15'842'920
Liberia,2012,$25'245'680
Liberia,2013,$27'650'800
Liberia,2014,$12'577'390
Liberia,2015,$24'762'550
Liberia,2016,$76'022'770
Liberia,2017,$5'735'450
Libya,2005,$7'510
Libya,2006,$21'200
Libya,2007,$32'810
Libya,2008,$18'440
Libya,2009,$48'380
Libya,2010,$18'590
Libya,2011,$1'813'520
Libya,2012,$647'690
Libya,2014,$242'260
Libya,2015,$1'258'380
Libya,2016,$3'910
Madagascar,2002,$21'555'460
Madagascar,2003,$11'689'500
Madagascar,2004,$14'252'330
Madagascar,2005,$51'000'780
Madagascar,2006,$22'430'550
Madagascar,2007,$34'093'830
Madagascar,2008,$12'184'030
Madagascar,2009,$8'173'940
Madagascar,2010,$3'403'330
Madagascar,2011,$30'531'330
Madagascar,2012,$25'190'990
Madagascar,2013,$49'594'890
Madagascar,2014,$38'085'840
Madagascar,2015,$64'051'320
Madagascar,2016,$28'210'540
Madagascar,2017,$201'717'280
Malawi,2002,$2'726'350
Malawi,2003,$6'796'980
Malawi,2004,$2'845'180
Malawi,2005,$21'652'950
Malawi,2006,$799'060
Malawi,2007,$18'695'920
Malawi,2008,$11'640'960
Malawi,2009,$43'493'550
Malawi,2010,$67'992'030
Malawi,2011,$23'067'020
Malawi,2012,$43'167'870
Malawi,2013,$59'990'940
Malawi,2014,$61'720'810
Malawi,2015,$36'437'970
Malawi,2016,$44'641'210
Malawi,2017,$203'303'940
Malaysia,2002,$3'472'960
Malaysia,2003,$7'654'290
Malaysia,2004,$7'191'850
Malaysia,2005,$1'297'600
Malaysia,2006,$6'764'310
Malaysia,2007,$1'476'440
Malaysia,2008,$5'637'840
Malaysia,2009,$1'846'030
Malaysia,2010,$3'568'640
Malaysia,2011,$2'005'870
Malaysia,2012,$7'873'300
Malaysia,2013,$3'696'500
Malaysia,2014,$3'419'410
Malaysia,2015,$3'337'740
Malaysia,2016,$2'775'380
Malaysia,2017,$8'444'080
Maldives,2003,$42'940
Maldives,2004,$29'190
Maldives,2005,$11'470
Maldives,2006,$4'736'440
Maldives,2008,$4'540
Maldives,2009,$568'380
Maldives,2010,$4'749'910
Maldives,2011,$9'501'280
Maldives,2012,$812'700
Maldives,2013,$492'350
Maldives,2014,$152'610
Maldives,2015,$61'450
Maldives,2016,$4'650
Maldives,2017,$218'690
Mali,2002,$4'643'800
Mali,2003,$4'960'160
Mali,2004,$3'722'180
Mali,2005,$39'816'780
Mali,2006,$9'938'270
Mali,2007,$22'918'420
Mali,2008,$11'770'830
Mali,2009,$20'971'420
Mali,2010,$49'018'710
Mali,2011,$45'316'700
Mali,2012,$27'921'690
Mali,2013,$44'372'540
Mali,2014,$69'799'130
Mali,2015,$87'925'440
Mali,2016,$38'785'940
Mali,2017,$32'470'820
Marshall Islands,2003,$20
Marshall Islands,2004,$4'640
Marshall Islands,2006,$811'250
Marshall Islands,2007,$108'660
Marshall Islands,2011,$496'740
Marshall Islands,2012,$1'464'340
Marshall Islands,2013,$1'508'670
Marshall Islands,2014,$749'460
Marshall Islands,2015,$1'277'340
Marshall Islands,2016,$40'380
Marshall Islands,2017,$144'990
Mauritania,2002,$9'586'900
Mauritania,2003,$7'336'390
Mauritania,2004,$11'962'060
Mauritania,2005,$1'345'490
Mauritania,2006,$8'962'420
Mauritania,2007,$6'809'920
Mauritania,2008,$2'440'670
Mauritania,2009,$2'652'290
Mauritania,2010,$12'569'810
Mauritania,2011,$15'163'680
Mauritania,2012,$38'798'580
Mauritania,2013,$9'703'130
Mauritania,2014,$15'462'750
Mauritania,2015,$14'809'430
Mauritania,2016,$3'642'280
Mauritania,2017,$55'520'370
Mauritius,2003,$36'470
Mauritius,2005,$18'770
Mauritius,2006,$8'695'920
Mauritius,2008,$1'280'930
Mauritius,2009,$26'062'900
Mauritius,2010,$90'968'260
Mauritius,2011,$5'100'120
Mauritius,2012,$17'189'700
Mauritius,2013,$10'537'490
Mauritius,2014,$52'248'540
Mauritius,2015,$300'900
Mauritius,2016,$309'920
Mauritius,2017,$106'870
Mayotte,2008,$2'475'100
Mayotte,2009,$663'930
Mayotte,2010,$1'068'000
Melanesia,2002,$655'410
Melanesia,2003,$2'110'210
Melanesia,2004,$1'252'170
Melanesia,2005,$13'741'550
Melanesia,2006,$45'505'450
Melanesia,2007,$2'055'550
Melanesia,2008,$17'401'770
Melanesia,2009,$21'059'890
Melanesia,2010,$108'783'660
Melanesia,2011,$28'915'190
Melanesia,2012,$45'295'240
Melanesia,2013,$34'786'570
Melanesia,2014,$35'053'750
Melanesia,2015,$38'058'340
Melanesia,2016,$62'547'770
Melanesia,2017,$103'962'480
Mexico,2002,$4'665'510
Mexico,2003,$15'125'770
Mexico,2004,$12'445'280
Mexico,2005,$13'532'000
Mexico,2006,$7'656'170
Mexico,2007,$12'543'130
Mexico,2008,$16'686'470
Mexico,2009,$12'204'640
Mexico,2010,$29'411'780
Mexico,2011,$37'529'170
Mexico,2012,$111'645'710
Mexico,2013,$26'433'050
Mexico,2014,$25'136'640
Mexico,2015,$16'372'300
Mexico,2016,$22'129'860
Mexico,2017,$243'587'190
Micronesia,2002,$34'310
Micronesia,2003,$503'800
Micronesia,2004,$264'420
Micronesia,2005,$703'550
Micronesia,2006,$2'013'170
Micronesia,2007,$1'422'140
Micronesia,2008,$3'088'330
Micronesia,2009,$3'299'080
Micronesia,2010,$1'295'200
Micronesia,2011,$11'590'580
Micronesia,2012,$4'303'450
Micronesia,2013,$11'949'840
Micronesia,2014,$4'309'660
Micronesia,2015,$4'015'770
Micronesia,2016,$5'815'580
Micronesia,2017,$7'749'240
Micronesia (Federated States of),2002,$1'400
Micronesia (Federated States of),2003,$21'690
Micronesia (Federated States of),2005,$15'590
Micronesia (Federated States of),2006,$77'320
Micronesia (Federated States of),2007,$976'710
Micronesia (Federated States of),2009,$41'190
Micronesia (Federated States of),2010,$96'240
Micronesia (Federated States of),2011,$157'970
Micronesia (Federated States of),2012,$517'690
Micronesia (Federated States of),2013,$841'630
Micronesia (Federated States of),2014,$341'370
Micronesia (Federated States of),2015,$366'190
Micronesia (Federated States of),2016,$63'790
Micronesia (Federated States of),2017,$145'430
Mongolia,2002,$4'323'820
Mongolia,2003,$1'881'400
Mongolia,2004,$14'838'110
Mongolia,2005,$6'407'160
Mongolia,2006,$13'134'100
Mongolia,2007,$29'286'310
Mongolia,2008,$28'147'940
Mongolia,2009,$10'223'930
Mongolia,2010,$10'204'740
Mongolia,2011,$7'098'080
Mongolia,2012,$6'916'620
Mongolia,2013,$31'061'180
Mongolia,2014,$6'062'070
Mongolia,2015,$14'145'860
Mongolia,2016,$9'835'470
Mongolia,2017,$6'853'010
Montenegro,2006,$2'618'870
Montenegro,2007,$1'890'280
Montenegro,2008,$3'487'790
Montenegro,2009,$6'310'730
Montenegro,2010,$18'590
Montenegro,2011,$158'420
Montenegro,2012,$11'701'590
Montenegro,2013,$5'078'000
Montenegro,2014,$727'590
Montenegro,2015,$295'020
Montenegro,2016,$18'295'120
Montenegro,2017,$6'301'130
Montserrat,2005,$6'170
Montserrat,2010,$112'990
Montserrat,2014,$31'500
Montserrat,2015,$49'890
Montserrat,2016,$7'945'150
Montserrat,2017,$560'170
Morocco,2002,$8'682'120
Morocco,2003,$5'172'160
Morocco,2004,$8'860'390
Morocco,2005,$49'520'820
Morocco,2006,$164'911'240
Morocco,2007,$171'252'790
Morocco,2008,$16'517'270
Morocco,2009,$69'809'340
Morocco,2010,$6'772'490
Morocco,2011,$43'874'480
Morocco,2012,$70'779'210
Morocco,2013,$17'234'760
Morocco,2014,$9'744'620
Morocco,2015,$93'366'260
Morocco,2016,$66'056'130
Morocco,2017,$132'497'340
Mozambique,2002,$52'988'120
Mozambique,2003,$3'817'100
Mozambique,2004,$38'756'770
Mozambique,2005,$13'260'550
Mozambique,2006,$9'662'230
Mozambique,2007,$20'709'260
Mozambique,2008,$31'759'960
Mozambique,2009,$23'994'140
Mozambique,2010,$88'442'020
Mozambique,2011,$44'708'430
Mozambique,2012,$57'805'080
Mozambique,2013,$84'960'360
Mozambique,2014,$59'586'800
Mozambique,2015,$88'467'910
Mozambique,2016,$78'789'690
Mozambique,2017,$85'676'730
Myanmar,2002,$179'800
Myanmar,2003,$2'227'810
Myanmar,2004,$383'370
Myanmar,2005,$996'790
Myanmar,2006,$6'368'170
Myanmar,2007,$1'108'880
Myanmar,2008,$1'548'630
Myanmar,2009,$2'120'720
Myanmar,2010,$11'595'070
Myanmar,2011,$13'487'700
Myanmar,2012,$3'944'890
Myanmar,2013,$46'429'000
Myanmar,2014,$34'268'330
Myanmar,2015,$71'965'720
Myanmar,2016,$14'151'210
Myanmar,2017,$53'433'510
Namibia,2002,$2'340'240
Namibia,2003,$8'216'200
Namibia,2004,$7'173'130
Namibia,2005,$6'765'110
Namibia,2006,$2'589'220
Namibia,2007,$7'767'550
Namibia,2008,$9'135'150
Namibia,2009,$1'682'010
Namibia,2010,$32'758'000
Namibia,2011,$3'472'430
Namibia,2012,$34'740'240
Namibia,2013,$35'424'760
Namibia,2014,$3'804'910
Namibia,2015,$15'407'510
Namibia,2016,$29'230'030
Namibia,2017,$44'726'770
Nauru,2003,$20
Nauru,2011,$434'100
Nauru,2012,$269'600
Nauru,2013,$1'330'520
Nauru,2014,$604'810
Nauru,2015,$305'410
Nauru,2016,$105'820
Nauru,2017,$134'110
Nepal,2002,$25'909'990
Nepal,2003,$13'092'610
Nepal,2004,$9'369'240
Nepal,2005,$1'905'930
Nepal,2006,$3'326'990
Nepal,2007,$7'325'720
Nepal,2008,$17'844'000
Nepal,2009,$6'579'910
Nepal,2010,$28'557'410
Nepal,2011,$48'613'040
Nepal,2012,$10'626'240
Nepal,2013,$35'876'260
Nepal,2014,$25'587'710
Nepal,2015,$17'709'910
Nepal,2016,$32'055'000
Nepal,2017,$18'516'170
Nicaragua,2002,$13'236'700
Nicaragua,2003,$13'803'440
Nicaragua,2004,$31'782'370
Nicaragua,2005,$35'280'620
Nicaragua,2006,$75'025'830
Nicaragua,2007,$16'273'420
Nicaragua,2008,$39'191'420
Nicaragua,2009,$26'307'740
Nicaragua,2010,$15'920'570
Nicaragua,2011,$25'778'310
Nicaragua,2012,$24'207'510
Nicaragua,2013,$37'624'570
Nicaragua,2014,$13'193'680
Nicaragua,2015,$27'841'710
Nicaragua,2016,$17'273'770
Nicaragua,2017,$38'490'670
Niger,2002,$4'122'090
Niger,2003,$26'150
Niger,2004,$966'490
Niger,2005,$2'134'060
Niger,2006,$3'434'060
Niger,2007,$3'291'940
Niger,2008,$29'439'860
Niger,2009,$18'841'830
Niger,2010,$9'531'750
Niger,2011,$3'742'090
Niger,2012,$3'101'450
Niger,2013,$26'773'300
Niger,2014,$65'688'390
Niger,2015,$51'090'160
Niger,2016,$3'663'370
Niger,2017,$69'675'140
Nigeria,2002,$4'355'970
Nigeria,2003,$10'306'330
Nigeria,2004,$459'090
Nigeria,2005,$411'800
Nigeria,2006,$178'580
Nigeria,2007,$340'940
Nigeria,2008,$1'653'330
Nigeria,2009,$1'209'470
Nigeria,2010,$2'811'190
Nigeria,2011,$25'955'280
Nigeria,2012,$28'895'990
Nigeria,2013,$23'558'340
Nigeria,2014,$94'372'560
Nigeria,2015,$179'130'400
Nigeria,2016,$24'568'310
Nigeria,2017,$84'139'300
Niue,2003,$386'300
Niue,2005,$351'870
Niue,2007,$119'610
Niue,2008,$30'330
Niue,2009,$20'060
Niue,2012,$227'510
Niue,2013,$641'270
Niue,2014,$192'850
Niue,2015,$181'660
Niue,2017,$134'110
North Macedonia,2002,$6'066'510
North Macedonia,2003,$10'021'910
North Macedonia,2004,$1'984'580
North Macedonia,2005,$283'340
North Macedonia,2006,$1'647'420
North Macedonia,2007,$3'517'230
North Macedonia,2008,$2'312'710
North Macedonia,2009,$1'784'060
North Macedonia,2010,$1'860'580
North Macedonia,2011,$40'253'600
North Macedonia,2012,$3'070'460
North Macedonia,2013,$14'321'710
North Macedonia,2014,$1'383'180
North Macedonia,2015,$673'670
North Macedonia,2016,$3'563'430
North Macedonia,2017,$11'321'760
Oman,2003,$1'186'090
Oman,2005,$132'450
Oman,2006,$106'710
Oman,2007,$54'610
Oman,2008,$878'710
Oman,2009,$78'210
Oman,2010,$122'210
Pakistan,2002,$8'581'040
Pakistan,2003,$9'725'670
Pakistan,2004,$8'418'390
Pakistan,2005,$7'570'970
Pakistan,2006,$13'320'020
Pakistan,2007,$8'247'680
Pakistan,2008,$2'471'260
Pakistan,2009,$3'559'230
Pakistan,2010,$60'268'620
Pakistan,2011,$7'886'950
Pakistan,2012,$26'797'450
Pakistan,2013,$13'141'990
Pakistan,2014,$62'569'830
Pakistan,2015,$6'677'590
Pakistan,2016,$17'122'900
Pakistan,2017,$11'369'150
Palau,2002,$1'400
Palau,2003,$461'230
Palau,2004,$259'780
Palau,2005,$630'870
Palau,2006,$537'020
Palau,2007,$4'210
Palau,2008,$8'280
Palau,2009,$324'520
Palau,2010,$555'120
Palau,2011,$435'870
Palau,2012,$1'649'840
Palau,2013,$2'182'660
Palau,2014,$1'973'190
Palau,2015,$1'212'120
Palau,2016,$809'340
Palau,2017,$1'137'350
Panama,2002,$1'140'110
Panama,2003,$1'598'470
Panama,2004,$477'850
Panama,2005,$1'324'860
Panama,2006,$960'030
Panama,2007,$175'674'710
Panama,2008,$2'828'710
Panama,2009,$2'067'550
Panama,2010,$5'347'730
Panama,2011,$5'722'140
Panama,2012,$2'800'270
Panama,2013,$2'456'250
Panama,2014,$1'877'820
Panama,2015,$1'323'340
Panama,2016,$1'123'130
Panama,2017,$1'692'780
Papua New Guinea,2002,$302'490
Papua New Guinea,2003,$112'570
Papua New Guinea,2004,$375'340
Papua New Guinea,2005,$10'925'710
Papua New Guinea,2006,$33'306'620
Papua New Guinea,2007,$626'630
Papua New Guinea,2008,$8'421'520
Papua New Guinea,2009,$12'413'670
Papua New Guinea,2010,$90'494'560
Papua New Guinea,2011,$13'482'180
Papua New Guinea,2012,$22'427'700
Papua New Guinea,2013,$14'558'370
Papua New Guinea,2014,$11'123'140
Papua New Guinea,2015,$22'511'680
Papua New Guinea,2016,$46'637'240
Papua New Guinea,2017,$86'098'220
Paraguay,2002,$1'494'480
Paraguay,2003,$1'169'000
Paraguay,2004,$668'650
Paraguay,2005,$331'020
Paraguay,2006,$857'830
Paraguay,2007,$13'338'670
Paraguay,2008,$1'266'970
Paraguay,2009,$3'898'230
Paraguay,2010,$12'043'890
Paraguay,2011,$4'542'560
Paraguay,2012,$7'080'390
Paraguay,2013,$1'281'730
Paraguay,2014,$4'786'670
Paraguay,2015,$1'063'650
Paraguay,2016,$6'917'900
Paraguay,2017,$2'857'940
Peru,2002,$30'223'820
Peru,2003,$21'414'010
Peru,2004,$19'778'410
Peru,2005,$7'470'440
Peru,2006,$8'736'750
Peru,2007,$27'643'690
Peru,2008,$32'633'600
Peru,2009,$89'900'630
Peru,2010,$164'778'300
Peru,2011,$87'497'630
Peru,2012,$73'281'250
Peru,2013,$55'652'030
Peru,2014,$59'730'050
Peru,2015,$47'674'340
Peru,2016,$126'623'420
Peru,2017,$62'778'010
Philippines,2002,$46'770'720
Philippines,2003,$33'001'070
Philippines,2004,$4'838'770
Philippines,2005,$21'786'470
Philippines,2006,$4'547'020
Philippines,2007,$19'159'320
Philippines,2008,$34'083'370
Philippines,2009,$25'812'910
Philippines,2010,$18'387'040
Philippines,2011,$44'837'170
Philippines,2012,$131'011'640
Philippines,2013,$19'432'870
Philippines,2014,$497'097'250
Philippines,2015,$26'782'150
Philippines,2016,$32'970'700
Philippines,2017,$27'180'060
Republic of Moldova,2002,$2'473'250
Republic of Moldova,2004,$2'284'790
Republic of Moldova,2005,$20'360
Republic of Moldova,2006,$121'070
Republic of Moldova,2007,$206'000
Republic of Moldova,2008,$645'150
Republic of Moldova,2009,$274'410
Republic of Moldova,2010,$1'166'040
Republic of Moldova,2011,$5'189'180
Republic of Moldova,2012,$2'846'790
Republic of Moldova,2013,$1'449'420
Republic of Moldova,2014,$4'432'040
Republic of Moldova,2015,$1'320'860
Republic of Moldova,2016,$4'688'040
Republic of Moldova,2017,$15'443'870
Rwanda,2002,$372'390
Rwanda,2003,$11'603'680
Rwanda,2004,$4'135'570
Rwanda,2005,$110'030
Rwanda,2006,$5'279'860
Rwanda,2007,$29'112'360
Rwanda,2008,$28'497'450
Rwanda,2009,$16'421'560
Rwanda,2010,$16'456'880
Rwanda,2011,$44'104'140
Rwanda,2012,$14'150'740
Rwanda,2013,$47'611'510
Rwanda,2014,$19'681'100
Rwanda,2015,$68'272'010
Rwanda,2016,$63'553'750
Rwanda,2017,$26'558'610
Saint Kitts and Nevis,2010,$1'060
Saint Kitts and Nevis,2011,$407'100
Saint Kitts and Nevis,2013,$15'020'860
Saint Lucia,2005,$8'116'640
Saint Lucia,2007,$3'580
Saint Lucia,2009,$41'070
Saint Lucia,2010,$194'780
Saint Lucia,2011,$1'303'820
Saint Lucia,2012,$43'860
Saint Lucia,2013,$47'810
Saint Lucia,2014,$25'810
Saint Lucia,2015,$60'060
Saint Lucia,2016,$69'130
Saint Lucia,2017,$97'660
Saint Vincent and the Grenadines,2005,$5'959'220
Saint Vincent and the Grenadines,2006,$45'550
Saint Vincent and the Grenadines,2010,$224'530
Saint Vincent and the Grenadines,2011,$407'100
Saint Vincent and the Grenadines,2012,$18'150
Saint Vincent and the Grenadines,2013,$91'920
Saint Vincent and the Grenadines,2014,$43'900
Saint Vincent and the Grenadines,2015,$137'950
Saint Vincent and the Grenadines,2016,$114'340
Saint Vincent and the Grenadines,2017,$118'790
Samoa,2002,$202'130
Samoa,2003,$655'800
Samoa,2004,$275'830
Samoa,2005,$220'960
Samoa,2006,$3'699'300
Samoa,2007,$435'850
Samoa,2008,$474'790
Samoa,2009,$4'058'420
Samoa,2010,$6'881'980
Samoa,2011,$2'237'860
Samoa,2012,$3'104'120
Samoa,2013,$3'696'890
Samoa,2014,$312'060
Samoa,2015,$2'329'190
Samoa,2016,$704'460
Samoa,2017,$341'620
Sao Tome and Principe,2002,$28'020
Sao Tome and Principe,2003,$118'630
Sao Tome and Principe,2004,$52'300
Sao Tome and Principe,2005,$76'530
Sao Tome and Principe,2006,$107'950
Sao Tome and Principe,2007,$431'200
Sao Tome and Principe,2008,$323'890
Sao Tome and Principe,2009,$863'510
Sao Tome and Principe,2010,$624'230
Sao Tome and Principe,2011,$720'700
Sao Tome and Principe,2013,$324'260
Sao Tome and Principe,2014,$208'200
Sao Tome and Principe,2015,$417'900
Sao Tome and Principe,2016,$367'260
Sao Tome and Principe,2017,$471'880
Saudi Arabia,2003,$37'200
Saudi Arabia,2004,$11'420
Saudi Arabia,2005,$42'180
Saudi Arabia,2006,$13'250
Saudi Arabia,2007,$53'640
Senegal,2002,$338'990
Senegal,2003,$7'836'950
Senegal,2004,$24'250'930
Senegal,2005,$95'434'010
Senegal,2006,$7'022'160
Senegal,2007,$10'371'870
Senegal,2008,$28'273'400
Senegal,2009,$48'838'850
Senegal,2010,$69'140'530
Senegal,2011,$45'100'620
Senegal,2012,$62'639'910
Senegal,2013,$77'760'720
Senegal,2014,$49'255'660
Senegal,2015,$122'105'650
Senegal,2016,$163'816'460
Senegal,2017,$84'911'920
Serbia,2002,$323'260
Serbia,2003,$2'166'800
Serbia,2004,$4'908'000
Serbia,2005,$712'500
Serbia,2006,$7'869'300
Serbia,2007,$1'855'300
Serbia,2008,$939'410
Serbia,2009,$13'836'440
Serbia,2010,$14'032'280
Serbia,2011,$2'168'770
Serbia,2012,$1'183'910
Serbia,2013,$7'698'020
Serbia,2014,$448'250
Serbia,2015,$102'640
Serbia,2016,$21'610'430
Serbia,2017,$40'902'910
Seychelles,2002,$259'870
Seychelles,2003,$216'350
Seychelles,2004,$188'130
Seychelles,2005,$593'930
Seychelles,2006,$1'916'510
Seychelles,2007,$1'600
Seychelles,2009,$810'010
Seychelles,2010,$405'630
Seychelles,2011,$27'130
Seychelles,2012,$120'080
Seychelles,2013,$163'650
Seychelles,2014,$3'798'090
Seychelles,2015,$152'750
Seychelles,2016,$109'580
Seychelles,2017,$77'780
Sierra Leone,2003,$225'340
Sierra Leone,2006,$142'130
Sierra Leone,2007,$1'398'650
Sierra Leone,2008,$1'197'730
Sierra Leone,2009,$1'681'000
Sierra Leone,2010,$5'230'310
Sierra Leone,2011,$11'382'390
Sierra Leone,2012,$4'649'240
Sierra Leone,2013,$1'327'560
Sierra Leone,2014,$359'680
Sierra Leone,2015,$15'688'260
Sierra Leone,2016,$8'949'070
Sierra Leone,2017,$4'659'380
Solomon Islands,2002,$217'390
Solomon Islands,2003,$22'270
Solomon Islands,2004,$8'620
Solomon Islands,2005,$1'405'890
Solomon Islands,2006,$9'091'230
Solomon Islands,2007,$908'600
Solomon Islands,2008,$6'818'310
Solomon Islands,2009,$4'965'660
Solomon Islands,2010,$12'384'720
Solomon Islands,2011,$6'167'450
Solomon Islands,2012,$8'705'380
Solomon Islands,2013,$10'382'390
Solomon Islands,2014,$13'245'440
Solomon Islands,2015,$3'287'600
Solomon Islands,2016,$1'652'720
Solomon Islands,2017,$2'454'090
Somalia,2002,$29'950
Somalia,2003,$1'743'410
Somalia,2006,$1'224'280
Somalia,2007,$191'080
Somalia,2008,$40'400
Somalia,2009,$249'250
Somalia,2010,$1'363'180
Somalia,2011,$1'697'510
Somalia,2012,$33'082'130
Somalia,2013,$11'200'330
Somalia,2014,$5'355'690
Somalia,2015,$40'734'430
Somalia,2016,$18'812'800
Somalia,2017,$12'531'150
South Africa,2002,$11'259'770
South Africa,2003,$1'077'210
South Africa,2004,$9'520'720
South Africa,2005,$411'540
South Africa,2006,$18'268'090
South Africa,2007,$5'957'260
South Africa,2008,$10'516'750
South Africa,2009,$16'211'860
South Africa,2010,$10'097'320
South Africa,2011,$12'557'830
South Africa,2012,$31'646'490
South Africa,2013,$23'532'120
South Africa,2014,$11'598'380
South Africa,2015,$11'002'180
South Africa,2016,$125'629'390
South Africa,2017,$8'171'360
South Sudan,2011,$7'088'050
South Sudan,2012,$9'131'020
South Sudan,2013,$43'534'130
South Sudan,2014,$20'882'710
South Sudan,2015,$18'828'880
South Sudan,2016,$44'891'560
South Sudan,2017,$1'766'450
Sri Lanka,2002,$5'399'350
Sri Lanka,2003,$18'100'540
Sri Lanka,2004,$15'234'040
Sri Lanka,2005,$14'497'730
Sri Lanka,2006,$19'275'440
Sri Lanka,2007,$12'708'620
Sri Lanka,2008,$1'363'410
Sri Lanka,2009,$1'038'640
Sri Lanka,2010,$129'722'030
Sri Lanka,2011,$2'735'700
Sri Lanka,2012,$6'123'840
Sri Lanka,2013,$5'172'760
Sri Lanka,2014,$9'736'720
Sri Lanka,2015,$29'663'350
Sri Lanka,2016,$152'302'090
Sri Lanka,2017,$7'144'860
State of Palestine,2002,$2'391'910
State of Palestine,2003,$1'441'320
State of Palestine,2004,$440'940
State of Palestine,2005,$615'440
State of Palestine,2006,$11'162'660
State of Palestine,2007,$1'240'680
State of Palestine,2008,$4'184'050
State of Palestine,2009,$7'028'170
State of Palestine,2010,$7'906'760
State of Palestine,2011,$3'000'250
State of Palestine,2012,$15'292'920
State of Palestine,2013,$20'842'300
State of Palestine,2014,$10'494'700
State of Palestine,2015,$21'642'750
State of Palestine,2016,$16'534'690
State of Palestine,2017,$16'994'980
Sudan,2002,$1'015'950
Sudan,2004,$120'460
Sudan,2005,$128'540
Sudan,2006,$1'253'530
Sudan,2007,$15'870'310
Sudan,2008,$6'519'840
Sudan,2009,$36'388'580
Sudan,2010,$25'665'960
Sudan,2011,$20'241'790
Sudan,2012,$17'954'340
Sudan,2013,$4'591'770
Sudan,2014,$7'920'080
Sudan,2015,$6'633'780
Sudan,2016,$10'867'660
Sudan,2017,$3'543'110
Suriname,2003,$381'670
Suriname,2004,$4'262'720
Suriname,2005,$23'489'600
Suriname,2007,$6'404'040
Suriname,2009,$20'200
Suriname,2011,$1'265'820
Suriname,2012,$4'471'570
Suriname,2013,$21'300
Suriname,2015,$18'052'010
Suriname,2016,$164'770
Suriname,2017,$64'720
Syrian Arab Republic,2002,$5'868'180
Syrian Arab Republic,2003,$638'150
Syrian Arab Republic,2004,$372'640
Syrian Arab Republic,2005,$383'800
Syrian Arab Republic,2006,$2'046'850
Syrian Arab Republic,2007,$130'530
Syrian Arab Republic,2008,$1'633'500
Syrian Arab Republic,2009,$679'820
Syrian Arab Republic,2010,$1'194'400
Syrian Arab Republic,2011,$2'984'700
Syrian Arab Republic,2012,$1'666'890
Syrian Arab Republic,2014,$393'510
Syrian Arab Republic,2015,$11'040'040
Syrian Arab Republic,2016,$460'270
Syrian Arab Republic,2017,$2'921'280
Tajikistan,2002,$1'200'130
Tajikistan,2003,$18'770
Tajikistan,2004,$7'983'200
Tajikistan,2005,$11'070
Tajikistan,2006,$12'630'620
Tajikistan,2007,$320'010
Tajikistan,2008,$759'650
Tajikistan,2009,$1'790'310
Tajikistan,2010,$1'616'390
Tajikistan,2011,$1'940'020
Tajikistan,2012,$2'917'710
Tajikistan,2013,$3'954'840
Tajikistan,2014,$50'333'480
Tajikistan,2015,$506'280
Tajikistan,2016,$519'700
Tajikistan,2017,$6'325'030
Thailand,2002,$13'005'830
Thailand,2003,$14'777'170
Thailand,2004,$1'780'930
Thailand,2005,$11'279'350
Thailand,2006,$1'788'150
Thailand,2007,$3'492'280
Thailand,2008,$7'411'770
Thailand,2009,$4'589'240
Thailand,2010,$8'212'550
Thailand,2011,$9'667'160
Thailand,2012,$7'847'020
Thailand,2013,$9'963'630
Thailand,2014,$4'705'740
Thailand,2015,$2'787'280
Thailand,2016,$4'710'860
Thailand,2017,$23'614'820
Timor-Leste,2003,$5'884'950
Timor-Leste,2005,$13'006'190
Timor-Leste,2006,$5'496'180
Timor-Leste,2007,$30'270
Timor-Leste,2008,$10'540'040
Timor-Leste,2009,$1'873'310
Timor-Leste,2010,$8'278'730
Timor-Leste,2011,$9'440'430
Timor-Leste,2012,$22'220'260
Timor-Leste,2013,$8'076'990
Timor-Leste,2014,$7'855'420
Timor-Leste,2015,$12'234'170
Timor-Leste,2016,$41'664'810
Timor-Leste,2017,$25'751'540
Togo,2002,$86'170
Togo,2003,$141'700
Togo,2005,$23'940
Togo,2006,$14'440
Togo,2007,$52'870
Togo,2008,$7'785'930
Togo,2009,$1'413'110
Togo,2010,$1'730'470
Togo,2011,$1'464'440
Togo,2012,$1'739'780
Togo,2013,$654'460
Togo,2014,$7'530'780
Togo,2015,$889'060
Togo,2016,$21'354'910
Togo,2017,$1'515'890
Tokelau,2003,$163'430
Tokelau,2011,$3'943'940
Tokelau,2012,$1'227'750
Tokelau,2013,$639'630
Tokelau,2014,$192'850
Tokelau,2015,$33'290
Tokelau,2017,$458'030
Tonga,2002,$1'400
Tonga,2003,$9'510
Tonga,2004,$630'030
Tonga,2005,$157'010
Tonga,2006,$1'857'870
Tonga,2007,$124'590
Tonga,2008,$89'310
Tonga,2009,$1'873'840
Tonga,2010,$388'960
Tonga,2011,$391'460
Tonga,2012,$1'550'830
Tonga,2013,$1'064'020
Tonga,2014,$2'158'470
Tonga,2015,$1'066'650
Tonga,2016,$334'010
Tonga,2017,$163'320
Trinidad and Tobago,2003,$1'754'710
Trinidad and Tobago,2004,$243'200
Trinidad and Tobago,2005,$1'659'300
Trinidad and Tobago,2006,$1'057'940
Trinidad and Tobago,2008,$11'450
Trinidad and Tobago,2009,$166'460
Trinidad and Tobago,2010,$7'340
Tunisia,2002,$401'210
Tunisia,2003,$2'783'140
Tunisia,2004,$57'033'090
Tunisia,2005,$32'233'420
Tunisia,2006,$7'806'240
Tunisia,2007,$56'185'440
Tunisia,2008,$85'845'760
Tunisia,2009,$2'237'600
Tunisia,2010,$6'571'290
Tunisia,2011,$55'458'110
Tunisia,2012,$6'438'760
Tunisia,2013,$15'498'200
Tunisia,2014,$4'821'470
Tunisia,2015,$4'811'200
Tunisia,2016,$199'424'240
Tunisia,2017,$104'595'250
Turkey,2002,$825'830
Turkey,2003,$4'200'730
Turkey,2004,$1'174'970
Turkey,2005,$287'430
Turkey,2006,$2'188'080
Turkey,2007,$1'301'920
Turkey,2008,$1'573'890
Turkey,2009,$116'436'420
Turkey,2010,$5'389'450
Turkey,2011,$369'431'790
Turkey,2012,$14'633'620
Turkey,2013,$1'154'480
Turkey,2014,$242'062'750
Turkey,2015,$401'808'850
Turkey,2016,$454'958'710
Turkey,2017,$5'761'860
Turkmenistan,2003,$14'020
Turkmenistan,2004,$97'570
Turkmenistan,2006,$4'542'290
Turkmenistan,2008,$1'919'000
Turkmenistan,2009,$155'840
Turkmenistan,2010,$3'768'740
Turkmenistan,2011,$2'766'060
Turkmenistan,2013,$28'250
Turkmenistan,2014,$108'120
Turkmenistan,2016,$49'120
Turks and Caicos Islands,2002,$282'860
Tuvalu,2003,$30
Tuvalu,2004,$6'790
Tuvalu,2009,$921'610
Tuvalu,2010,$12'640
Tuvalu,2011,$1'004'400
Tuvalu,2012,$1'046'150
Tuvalu,2013,$1'454'550
Tuvalu,2014,$2'159'350
Tuvalu,2015,$450'380
Tuvalu,2017,$7'868'300
Uganda,2002,$2'706'750
Uganda,2003,$2'019'550
Uganda,2004,$9'025'810
Uganda,2005,$3'401'160
Uganda,2006,$4'009'570
Uganda,2007,$35'025'130
Uganda,2008,$24'827'060
Uganda,2009,$32'967'600
Uganda,2010,$104'640'090
Uganda,2011,$44'561'160
Uganda,2012,$30'198'060
Uganda,2013,$131'646'150
Uganda,2014,$92'300'710
Uganda,2015,$103'109'300
Uganda,2016,$67'423'360
Uganda,2017,$53'045'550
Ukraine,2005,$937'930
Ukraine,2006,$135'040
Ukraine,2007,$1'599'970
Ukraine,2008,$477'640
Ukraine,2009,$10'747'810
Ukraine,2010,$13'022'930
Ukraine,2011,$7'654'420
Ukraine,2012,$7'919'220
Ukraine,2013,$17'586'280
Ukraine,2014,$5'058'110
Ukraine,2015,$992'832'090
Ukraine,2016,$9'383'400
Ukraine,2017,$71'699'550
United Republic of Tanzania,2002,$27'661'990
United Republic of Tanzania,2003,$25'578'180
United Republic of Tanzania,2004,$11'186'920
United Republic of Tanzania,2005,$5'474'530
United Republic of Tanzania,2006,$7'517'300
United Republic of Tanzania,2007,$51'583'370
United Republic of Tanzania,2008,$29'673'460
United Republic of Tanzania,2009,$55'698'960
United Republic of Tanzania,2010,$42'040'590
United Republic of Tanzania,2011,$100'013'460
United Republic of Tanzania,2012,$48'627'650
United Republic of Tanzania,2013,$119'231'490
United Republic of Tanzania,2014,$127'034'540
United Republic of Tanzania,2015,$169'038'780
United Republic of Tanzania,2016,$55'058'060
United Republic of Tanzania,2017,$38'597'280
Uruguay,2002,$748'800
Uruguay,2003,$134'950
Uruguay,2004,$1'621'810
Uruguay,2005,$110'060
Uruguay,2006,$987'160
Uruguay,2007,$2'797'980
Uruguay,2008,$857'640
Uruguay,2009,$2'064'430
Uruguay,2010,$1'725'190
Uruguay,2011,$1'159'670
Uruguay,2012,$559'170
Uruguay,2013,$3'356'280
Uruguay,2014,$43'360
Uruguay,2015,$1'445'120
Uruguay,2016,$129'880
Uruguay,2017,$142'420
Uzbekistan,2002,$4'122'090
Uzbekistan,2003,$14'280
Uzbekistan,2004,$3'561'130
Uzbekistan,2005,$143'110
Uzbekistan,2006,$304'150
Uzbekistan,2007,$69'930
Uzbekistan,2008,$1'340'750
Uzbekistan,2009,$4'524'180
Uzbekistan,2010,$987'180
Uzbekistan,2011,$193'000
Uzbekistan,2012,$4'579'330
Uzbekistan,2013,$2'600'160
Uzbekistan,2014,$81'450
Uzbekistan,2015,$7'800
Uzbekistan,2016,$26'733'160
Uzbekistan,2017,$23'680
Vanuatu,2002,$51'210
Vanuatu,2003,$34'710
Vanuatu,2004,$9'580
Vanuatu,2005,$930'060
Vanuatu,2006,$1'107'790
Vanuatu,2007,$211'410
Vanuatu,2008,$852'180
Vanuatu,2009,$1'050'780
Vanuatu,2010,$5'376'890
Vanuatu,2011,$8'146'130
Vanuatu,2012,$11'631'260
Vanuatu,2013,$7'455'160
Vanuatu,2014,$9'287'970
Vanuatu,2015,$9'632'000
Vanuatu,2016,$12'794'410
Vanuatu,2017,$11'677'870
Venezuela (Bolivarian Republic of),2002,$1'468'670
Venezuela (Bolivarian Republic of),2003,$425'750
Venezuela (Bolivarian Republic of),2004,$618'600
Venezuela (Bolivarian Republic of),2005,$18'520
Venezuela (Bolivarian Republic of),2006,$577'280
Venezuela (Bolivarian Republic of),2007,$108'080
Venezuela (Bolivarian Republic of),2008,$139'950
Venezuela (Bolivarian Republic of),2009,$6'222'170
Venezuela (Bolivarian Republic of),2010,$660'590
Venezuela (Bolivarian Republic of),2011,$601'180
Venezuela (Bolivarian Republic of),2012,$606'170
Venezuela (Bolivarian Republic of),2013,$115'430
Venezuela (Bolivarian Republic of),2014,$273'140
Venezuela (Bolivarian Republic of),2015,$307'850
Venezuela (Bolivarian Republic of),2016,$41'850
Venezuela (Bolivarian Republic of),2017,$403'450
Viet Nam,2002,$82'212'880
Viet Nam,2003,$167'711'330
Viet Nam,2004,$65'381'090
Viet Nam,2005,$53'947'180
Viet Nam,2006,$92'940'530
Viet Nam,2007,$215'343'840
Viet Nam,2008,$369'752'820
Viet Nam,2009,$526'179'730
Viet Nam,2010,$96'664'670
Viet Nam,2011,$170'718'150
Viet Nam,2012,$146'398'300
Viet Nam,2013,$40'657'900
Viet Nam,2014,$194'001'220
Viet Nam,2015,$87'897'500
Viet Nam,2016,$248'344'730
Viet Nam,2017,$46'571'820
Wallis and Futuna Islands,2007,$65'170
Wallis and Futuna Islands,2008,$155'780
Wallis and Futuna Islands,2009,$217'880
Wallis and Futuna Islands,2010,$171'370
Wallis and Futuna Islands,2011,$103'090
Wallis and Futuna Islands,2012,$377'420
Wallis and Futuna Islands,2013,$156'070
Wallis and Futuna Islands,2014,$264'470
Wallis and Futuna Islands,2015,$151'210
Wallis and Futuna Islands,2016,$2'354'530
Wallis and Futuna Islands,2017,$528'690
Yemen,2002,$5'177'420
Yemen,2003,$553'740
Yemen,2004,$137'640
Yemen,2005,$2'596'980
Yemen,2006,$1'253'190
Yemen,2007,$6'877'130
Yemen,2008,$1'270'010
Yemen,2009,$1'017'430
Yemen,2010,$14'192'140
Yemen,2011,$8'082'140
Yemen,2012,$267'870
Yemen,2013,$1'283'570
Yemen,2014,$5'153'720
Yemen,2015,$4'083'670
Yemen,2016,$1'890'160
Yemen,2017,$6'578'380
Zambia,2002,$7'179'020
Zambia,2003,$29'425'090
Zambia,2004,$19'771'510
Zambia,2005,$35'961'260
Zambia,2006,$26'090'080
Zambia,2007,$14'210'040
Zambia,2008,$29'524'620
Zambia,2009,$10'502'310
Zambia,2010,$15'106'270
Zambia,2011,$24'119'830
Zambia,2012,$47'908'180
Zambia,2013,$49'666'320
Zambia,2014,$47'626'770
Zambia,2015,$51'732'240
Zambia,2016,$30'533'970
Zambia,2017,$19'448'360
Zimbabwe,2002,$2'127'970
Zimbabwe,2003,$3'278'500
Zimbabwe,2004,$174'150
Zimbabwe,2005,$340'530
Zimbabwe,2006,$1'498'980
Zimbabwe,2007,$291'430
Zimbabwe,2008,$583'340
Zimbabwe,2009,$3'501'460
Zimbabwe,2010,$40'714'240
Zimbabwe,2011,$18'510'330
Zimbabwe,2012,$3'701'690
Zimbabwe,2013,$10'391'610
Zimbabwe,2014,$17'045'710
Zimbabwe,2015,$5'024'320
Zimbabwe,2016,$18'843'730
Zimbabwe,2017,$4'802'960